Model,ROC_AUC,PR_AUC
XGBoost (Tuned),0.6838859480891148,0.23508725224965255
Logistic Regression,0.6756778573714585,0.2192138201757164
